Workbook

Sheet Overview
B2: XAUUSD (Gold/USD) Historical Data — QA & Reporting Project
B3: Data validation, cleaning, aggregation and reporting on a real 15-minute Forex price feed
B5: Dataset at a glance
B6: Data source | C6: XAU_15m_data.csv — 15-minute XAUUSD OHLCV price feed
B7: Raw records | C7: 494,235 rows
B8: Date range | C8: 11 Jun 2004 - 30 Jan 2026 (23 years)
B9: Original format | C9: Semicolon-delimited CSV; timestamp as YYYY.MM.DD HH:MM
B10: Fields | C10: Date, Open, High, Low, Close, Volume
B12: What this project demonstrates
B13: - Data validation - designing and applying integrity rules (OHLC logic, duplicates, missing values, out-of-range values) to a 494k-row real-world dataset.
B14: - Data cleaning - parsing a non-standard, semicolon-delimited raw file with mixed decimal precision into a standardised, analysis-ready format.
B15: - Data aggregation - rolling 15-minute records up into daily and yearly summaries using resampling logic and cross-checked spreadsheet formulas.
B16: - Reporting - building a formula-driven Excel workbook (SUMIFS/MAXIFS/MINIFS/INDEX-MATCH) with a chart-based dashboard, ready for a non-technical audience.
B17: - Documentation - a clear audit trail: every check performed, every result, and every assumption is written down so the work is fully reproducible.
B19: Workbook contents
B20: Overview | C20: This page.
B21: Data Dictionary | C21: Definition, type and notes for every field.
B22: Validation Log | C22: Every data-quality check performed, method used, and result.
B23: Raw Data Sample | C23: First 300 raw records with live validation formulas.
B24: Daily Summary | C24: 494,235 records rolled up into 5,531 daily OHLCV bars.
B25: Yearly Summary | C25: Daily bars rolled up into a 23-year formula-driven summary.
B26: Dashboard | C26: Charts built from the Yearly Summary - price trend and volume.

Sheet Data Dictionary
B2: Data Dictionary
B3: Field definitions for the raw source file
B5: Field | C5: Data type | D5: Description | E5: Example
B6: Date | C6: Datetime | D6: Bar open timestamp, 15-minute interval, broker server time | E6: 2004.06.11 07:15
B7: Open | C7: Decimal | D7: Price at the start of the 15-minute bar (USD per troy oz) | E7: 384.00
B8: High | C8: Decimal | D8: Highest traded price during the bar | E8: 384.30
B9: Low | C9: Decimal | D9: Lowest traded price during the bar | E9: 383.80
B10: Close | C10: Decimal | D10: Price at the end of the 15-minute bar | E10: 384.30
B11: Volume | C11: Integer | D11: Number of ticks/trades recorded during the bar (tick volume, not contract volume) | E11: 12

Sheet Validation Log
B2: Validation Log
B3: Data-quality checks performed across the full 494,235-row raw dataset (via Python/pandas)
B5: Check | C5: Method | D5: Result | E5: Status
B6: Missing values | C6: Null check on all 6 fields | D6: 0 missing values found | E6: PASS
B7: Duplicate timestamps | C7: Duplicate check on Date field | D7: 0 duplicate timestamps found | E7: PASS
B8: Negative / zero prices | C8: Open, High, Low, Close <= 0 | D8: 0 invalid prices found | E8: PASS
B9: OHLC logic - High | C9: High >= Open, Close and Low, for every row | D9: 0 violations found | E9: PASS
B10: OHLC logic - Low | C10: Low <= Open, Close and High, for every row | D10: 0 violations found | E10: PASS
B11: Zero-volume bars | C11: Volume = 0 | D11: 0 zero-volume bars found | E11: PASS
B12: Timestamp gaps | C12: Difference between consecutive timestamps, reviewed against market hours | D12: Gaps present only around weekend closes / daily breaks, consistent with FX market hours | E12: REVIEWED
B13: Date range continuity | C13: Min/max date and year-by-year record counts | D13: 11 Jun 2004 - 30 Jan 2026, all 23 years represented | E13: PASS
B16: Note
B17: These results were produced by running the checks in Python (pandas) against the complete 494,235-row source file, since a workbook of that size is impractical to formula-check live. The 'Raw Data Sample' tab reproduces the same OHLC logic check as live Excel formulas on a 300-row sample so the method can be inspected and re-run in the workbook itself.

Sheet Raw Data Sample
B2: Raw Data Sample - first 300 records
B3: Live formulas re-check OHLC integrity on this sample. Full file: 494,235 rows (see Overview).
B5: Date | C5: Open | D5: High | E5: Low | F5: Close | G5: Volume | H5: OHLC Check
B6: 2004-06-11 07:15 | C6: 384 | D6: 384.3 | E6: 383.8 | F6: 384.3 | G6: 12 | H6: =IF(AND(D6>=C6,D6>=E6,D6>=F6,E6<=C6,E6<=F6,D6>=E6),"OK","CHECK") -> OK
B7: 2004-06-11 07:30 | C7: 383.8 | D7: 384.3 | E7: 383.6 | F7: 383.8 | G7: 12 | H7: =IF(AND(D7>=C7,D7>=E7,D7>=F7,E7<=C7,E7<=F7,D7>=E7),"OK","CHECK") -> OK
B8: 2004-06-11 07:45 | C8: 383.3 | D8: 383.8 | E8: 383.3 | F8: 383.8 | G8: 20 | H8: =IF(AND(D8>=C8,D8>=E8,D8>=F8,E8<=C8,E8<=F8,D8>=E8),"OK","CHECK") -> OK
B9: 2004-06-11 08:00 | C9: 383.8 | D9: 384.1 | E9: 383.6 | F9: 383.6 | G9: 8 | H9: =IF(AND(D9>=C9,D9>=E9,D9>=F9,E9<=C9,E9<=F9,D9>=E9),"OK","CHECK") -> OK
B10: 2004-06-11 08:15 | C10: 383.6 | D10: 384.3 | E10: 383.5 | F10: 383.5 | G10: 20 | H10: =IF(AND(D10>=C10,D10>=E10,D10>=F10,E10<=C10,E10<=F10,D10>=E10),"OK","CHECK") -> OK
B11: 2004-06-11 08:30 | C11: 383.3 | D11: 383.5 | E11: 383.3 | F11: 383.5 | G11: 7 | H11: =IF(AND(D11>=C11,D11>=E11,D11>=F11,E11<=C11,E11<=F11,D11>=E11),"OK","CHECK") -> OK
B12: 2004-06-11 08:45 | C12: 383.3 | D12: 383.3 | E12: 383.1 | F12: 383.1 | G12: 6 | H12: =IF(AND(D12>=C12,D12>=E12,D12>=F12,E12<=C12,E12<=F12,D12>=E12),"OK","CHECK") -> OK
B13: 2004-06-11 09:00 | C13: 383.1 | D13: 384.1 | E13: 383.1 | F13: 383.6 | G13: 9 | H13: =IF(AND(D13>=C13,D13>=E13,D13>=F13,E13<=C13,E13<=F13,D13>=E13),"OK","CHECK") -> OK
B14: 2004-06-11 09:15 | C14: 383.8 | D14: 384 | E14: 382.8 | F14: 383 | G14: 15 | H14: =IF(AND(D14>=C14,D14>=E14,D14>=F14,E14<=C14,E14<=F14,D14>=E14),"OK","CHECK") -> OK
B15: 2004-06-11 09:30 | C15: 383.1 | D15: 383.3 | E15: 382.8 | F15: 383 | G15: 20 | H15: =IF(AND(D15>=C15,D15>=E15,D15>=F15,E15<=C15,E15<=F15,D15>=E15),"OK","CHECK") -> OK
B16: 2004-06-11 09:45 | C16: 383 | D16: 383.3 | E16: 382.8 | F16: 383.1 | G16: 11 | H16: =IF(AND(D16>=C16,D16>=E16,D16>=F16,E16<=C16,E16<=F16,D16>=E16),"OK","CHECK") -> OK
B17: 2004-06-11 10:00 | C17: 383 | D17: 383.6 | E17: 383 | F17: 383.6 | G17: 10 | H17: =IF(AND(D17>=C17,D17>=E17,D17>=F17,E17<=C17,E17<=F17,D17>=E17),"OK","CHECK") -> OK
... B305: 2004-06-16 20:15 | C305: 383.8 | D305: 384.3 | E305: 383.6 | F305: 384.1 | G305: 18 | H305: =IF(AND(D305>=C305,D305>=E305,D305>=F305,E305<=C305,E305<=F305,D305>=E305),"OK","CHECK") -> OK
B307: Rows checked | C307: 300
B308: Rows flagged "CHECK" | C308: =COUNTIF(H6:H305,"CHECK") -> 0

Sheet Daily Summary
B2: Daily Summary - 15-min bars rolled up to daily OHLCV
B3: 5,531 trading days, resampled from the 494,235-row raw feed (Open=first, High=max, Low=min, Close=last, Volume=sum)
B5: Date | C5: Open | D5: High | E5: Low | F5: Close | G5: Volume | H5: Bars in day | I5: Year
B6: 2004-06-11 | C6: 384 | D6: 384.8 | E6: 382.8 | F6: 384.1 | G6: 272 | H6: 43 | I6: =YEAR(B6) -> 2004
B7: 2004-06-14 | C7: 384.3 | D7: 385.8 | E7: 381.8 | F7: 382.8 | G7: 1902 | H7: 92 | I7: =YEAR(B7) -> 2004
B8: 2004-06-15 | C8: 382.8 | D8: 388.8 | E8: 381.1 | F8: 388.6 | G8: 1951 | H8: 89 | I8: =YEAR(B8) -> 2004
B9: 2004-06-16 | C9: 387.1 | D9: 389.8 | E9: 382.6 | F9: 383.8 | G9: 2014 | H9: 88 | I9: =YEAR(B9) -> 2004
B10: 2004-06-17 | C10: 383.6 | D10: 389.3 | E10: 383 | F10: 387.6 | G10: 1568 | H10: 89 | I10: =YEAR(B10) -> 2004
B11: 2004-06-18 | C11: 388.6 | D11: 395.8 | E11: 385.8 | F11: 394.3 | G11: 2257 | H11: 82 | I11: =YEAR(B11) -> 2004
B12: 2004-06-21 | C12: 394.3 | D12: 396.8 | E12: 392.1 | F12: 393.1 | G12: 1674 | H12: 90 | I12: =YEAR(B12) -> 2004
B13: 2004-06-22 | C13: 392.8 | D13: 396.3 | E13: 392.3 | F13: 394.1 | G13: 1407 | H13: 90 | I13: =YEAR(B13) -> 2004
B14: 2004-06-23 | C14: 394 | D14: 396.6 | E14: 392.3 | F14: 395.6 | G14: 1829 | H14: 89 | I14: =YEAR(B14) -> 2004
B15: 2004-06-24 | C15: 394 | D15: 402.8 | E15: 393.1 | F15: 401.1 | G15: 1991 | H15: 91 | I15: =YEAR(B15) -> 2004
B16: 2004-06-25 | C16: 402 | D16: 402.8 | E16: 400.1 | F16: 401.1 | G16: 1608 | H16: 87 | I16: =YEAR(B16) -> 2004
B17: 2004-06-28 | C17: 401.8 | D17: 404.6 | E17: 398.8 | F17: 399.8 | G17: 2124 | H17: 91 | I17: =YEAR(B17) -> 2004
... B5536: 2026-01-30 | C5536: 5385.09 | D5536: 5450.62 | E5536: 4679.69 | F5536: 4889.48 | G5536: 3379613 | H5536: 92 | I5536: =YEAR(B5536) -> 2026

Sheet Yearly Summary
B2: Yearly Summary
B3: Every figure below is a live formula referencing the Daily Summary tab
B5: Year | C5: Open | D5: High | E5: Low | F5: Close | G5: Change % | H5: Trading Days | I5: Total Volume | J5: Avg Daily Volume
B6: 2004 | C6: =INDEX('Daily Summary'!$C$6:$C$5536,MATCH(B6,'Daily Summary'!$I$6:$I$5536,0)) -> 384 | D6: =_xlfn.MAXIFS('Daily Summary'!$D$6:$D$5536,'Daily Summary'!$I$6:$I$5536,B6) -> 456.3 | E6: =_xlfn.MINIFS('Daily Summary'!$E$6:$E$5536,'Daily Summary'!$I$6:$I$5536,B6) -> 381.1 | F6: =INDEX('Daily Summary'!$F$6:$F$5536,MATCH(B6,'Daily Summary'!$I$6:$I$5536,1)) -> 437 | G6: =(F6-C6)/C6 -> 0.13802083 | H6: =COUNTIFS('Daily Summary'!$I$6:$I$5536,B6) -> 140 | I6: =SUMIFS('Daily Summary'!$G$6:$G$5536,'Daily Summary'!$I$6:$I$5536,B6) -> 225774 | J6: =I6/H6 -> 1612.6714
B7: 2005 | C7: =INDEX('Daily Summary'!$C$6:$C$5536,MATCH(B7,'Daily Summary'!$I$6:$I$5536,0)) -> 437.1 | D7: =_xlfn.MAXIFS('Daily Summary'!$D$6:$D$5536,'Daily Summary'!$I$6:$I$5536,B7) -> 540.5 | E7: =_xlfn.MINIFS('Daily Summary'!$E$6:$E$5536,'Daily Summary'!$I$6:$I$5536,B7) -> 409.8 | F7: =INDEX('Daily Summary'!$F$6:$F$5536,MATCH(B7,'Daily Summary'!$I$6:$I$5536,1)) -> 514.6 | G7: =(F7-C7)/C7 -> 0.17730496 | H7: =COUNTIFS('Daily Summary'!$I$6:$I$5536,B7) -> 252 | I7: =SUMIFS('Daily Summary'!$G$6:$G$5536,'Daily Summary'!$I$6:$I$5536,B7) -> 311927 | J7: =I7/H7 -> 1237.8056
B8: 2006 | C8: =INDEX('Daily Summary'!$C$6:$C$5536,MATCH(B8,'Daily Summary'!$I$6:$I$5536,0)) -> 516.8 | D8: =_xlfn.MAXIFS('Daily Summary'!$D$6:$D$5536,'Daily Summary'!$I$6:$I$5536,B8) -> 729.7 | E8: =_xlfn.MINIFS('Daily Summary'!$E$6:$E$5536,'Daily Summary'!$I$6:$I$5536,B8) -> 516.3 | F8: =INDEX('Daily Summary'!$F$6:$F$5536,MATCH(B8,'Daily Summary'!$I$6:$I$5536,1)) -> 636.2 | G8: =(F8-C8)/C8 -> 0.23103715 | H8: =COUNTIFS('Daily Summary'!$I$6:$I$5536,B8) -> 251 | I8: =SUMIFS('Daily Summary'!$G$6:$G$5536,'Daily Summary'!$I$6:$I$5536,B8) -> 456955 | J8: =I8/H8 -> 1820.5378
B9: 2007 | C9: =INDEX('Daily Summary'!$C$6:$C$5536,MATCH(B9,'Daily Summary'!$I$6:$I$5536,0)) -> 638.2 | D9: =_xlfn.MAXIFS('Daily Summary'!$D$6:$D$5536,'Daily Summary'!$I$6:$I$5536,B9) -> 845.4 | E9: =_xlfn.MINIFS('Daily Summary'!$E$6:$E$5536,'Daily Summary'!$I$6:$I$5536,B9) -> 601.5 | F9: =INDEX('Daily Summary'!$F$6:$F$5536,MATCH(B9,'Daily Summary'!$I$6:$I$5536,1)) -> 831.8 | G9: =(F9-C9)/C9 -> 0.30335318 | H9: =COUNTIFS('Daily Summary'!$I$6:$I$5536,B9) -> 257 | I9: =SUMIFS('Daily Summary'!$G$6:$G$5536,'Daily Summary'!$I$6:$I$5536,B9) -> 1267292 | J9: =I9/H9 -> 4931.0973
B10: 2008 | C10: =INDEX('Daily Summary'!$C$6:$C$5536,MATCH(B10,'Daily Summary'!$I$6:$I$5536,0)) -> 841 | D10: =_xlfn.MAXIFS('Daily Summary'!$D$6:$D$5536,'Daily Summary'!$I$6:$I$5536,B10) -> 1032.2 | E10: =_xlfn.MINIFS('Daily Summary'!$E$6:$E$5536,'Daily Summary'!$I$6:$I$5536,B10) -> 681.4 | F10: =INDEX('Daily Summary'!$F$6:$F$5536,MATCH(B10,'Daily Summary'!$I$6:$I$5536,1)) -> 866.8 | G10: =(F10-C10)/C10 -> 0.030677765 | H10: =COUNTIFS('Daily Summary'!$I$6:$I$5536,B10) -> 258 | I10: =SUMIFS('Daily Summary'!$G$6:$G$5536,'Daily Summary'!$I$6:$I$5536,B10) -> 2446146 | J10: =I10/H10 -> 9481.186
B11: 2009 | C11: =INDEX('Daily Summary'!$C$6:$C$5536,MATCH(B11,'Daily Summary'!$I$6:$I$5536,0)) -> 874.2 | D11: =_xlfn.MAXIFS('Daily Summary'!$D$6:$D$5536,'Daily Summary'!$I$6:$I$5536,B11) -> 1226.37 | E11: =_xlfn.MINIFS('Daily Summary'!$E$6:$E$5536,'Daily Summary'!$I$6:$I$5536,B11) -> 801.9 | F11: =INDEX('Daily Summary'!$F$6:$F$5536,MATCH(B11,'Daily Summary'!$I$6:$I$5536,1)) -> 1097.51 | G11: =(F11-C11)/C11 -> 0.25544498 | H11: =COUNTIFS('Daily Summary'!$I$6:$I$5536,B11) -> 257 | I11: =SUMIFS('Daily Summary'!$G$6:$G$5536,'Daily Summary'!$I$6:$I$5536,B11) -> 7801526 | J11: =I11/H11 -> 30356.132
B12: 2010 | C12: =INDEX('Daily Summary'!$C$6:$C$5536,MATCH(B12,'Daily Summary'!$I$6:$I$5536,0)) -> 1094.61 | D12: =_xlfn.MAXIFS('Daily Summary'!$D$6:$D$5536,'Daily Summary'!$I$6:$I$5536,B12) -> 1430.88 | E12: =_xlfn.MINIFS('Daily Summary'!$E$6:$E$5536,'Daily Summary'!$I$6:$I$5536,B12) -> 1044.46 | F12: =INDEX('Daily Summary'!$F$6:$F$5536,MATCH(B12,'Daily Summary'!$I$6:$I$5536,1)) -> 1408.13 | G12: =(F12-C12)/C12 -> 0.28642165 | H12: =COUNTIFS('Daily Summary'!$I$6:$I$5536,B12) -> 256 | I12: =SUMIFS('Daily Summary'!$G$6:$G$5536,'Daily Summary'!$I$6:$I$5536,B12) -> 11951917 | J12: =I12/H12 -> 46687.176
B13: 2011 | C13: =INDEX('Daily Summary'!$C$6:$C$5536,MATCH(B13,'Daily Summary'!$I$6:$I$5536,0)) -> 1415.71 | D13: =_xlfn.MAXIFS('Daily Summary'!$D$6:$D$5536,'Daily Summary'!$I$6:$I$5536,B13) -> 1920.61 | E13: =_xlfn.MINIFS('Daily Summary'!$E$6:$E$5536,'Daily Summary'!$I$6:$I$5536,B13) -> 1307.88 | F13: =INDEX('Daily Summary'!$F$6:$F$5536,MATCH(B13,'Daily Summary'!$I$6:$I$5536,1)) -> 1564.11 | G13: =(F13-C13)/C13 -> 0.10482373 | H13: =COUNTIFS('Daily Summary'!$I$6:$I$5536,B13) -> 256 | I13: =SUMIFS('Daily Summary'!$G$6:$G$5536,'Daily Summary'!$I$6:$I$5536,B13) -> 13491946 | J13: =I13/H13 -> 52702.914
B14: 2012 | C14: =INDEX('Daily Summary'!$C$6:$C$5536,MATCH(B14,'Daily Summary'!$I$6:$I$5536,0)) -> 1567.37 | D14: =_xlfn.MAXIFS('Daily Summary'!$D$6:$D$5536,'Daily Summary'!$I$6:$I$5536,B14) -> 1795.87 | E14: =_xlfn.MINIFS('Daily Summary'!$E$6:$E$5536,'Daily Summary'!$I$6:$I$5536,B14) -> 1526.96 | F14: =INDEX('Daily Summary'!$F$6:$F$5536,MATCH(B14,'Daily Summary'!$I$6:$I$5536,1)) -> 1674.87 | G14: =(F14-C14)/C14 -> 0.06858623 | H14: =COUNTIFS('Daily Summary'!$I$6:$I$5536,B14) -> 257 | I14: =SUMIFS('Daily Summary'!$G$6:$G$5536,'Daily Summary'!$I$6:$I$5536,B14) -> 28332089 | J14: =I14/H14 -> 110241.59
B15: 2013 | C15: =INDEX('Daily Summary'!$C$6:$C$5536,MATCH(B15,'Daily Summary'!$I$6:$I$5536,0)) -> 1673.25 | D15: =_xlfn.MAXIFS('Daily Summary'!$D$6:$D$5536,'Daily Summary'!$I$6:$I$5536,B15) -> 1696.1 | E15: =_xlfn.MINIFS('Daily Summary'!$E$6:$E$5536,'Daily Summary'!$I$6:$I$5536,B15) -> 1180.17 | F15: =INDEX('Daily Summary'!$F$6:$F$5536,MATCH(B15,'Daily Summary'!$I$6:$I$5536,1)) -> 1208.26 | G15: =(F15-C15)/C15 -> -0.27789631 | H15: =COUNTIFS('Daily Summary'!$I$6:$I$5536,B15) -> 258 | I15: =SUMIFS('Daily Summary'!$G$6:$G$5536,'Daily Summary'!$I$6:$I$5536,B15) -> 43057923 | J15: =I15/H15 -> 166891.17
B16: 2014 | C16: =INDEX('Daily Summary'!$C$6:$C$5536,MATCH(B16,'Daily Summary'!$I$6:$I$5536,0)) -> 1225.12 | D16: =_xlfn.MAXIFS('Daily Summary'!$D$6:$D$5536,'Daily Summary'!$I$6:$I$5536,B16) -> 1388.91 | E16: =_xlfn.MINIFS('Daily Summary'!$E$6:$E$5536,'Daily Summary'!$I$6:$I$5536,B16) -> 1131.44 | F16: =INDEX('Daily Summary'!$F$6:$F$5536,MATCH(B16,'Daily Summary'!$I$6:$I$5536,1)) -> 1186.83 | G16: =(F16-C16)/C16 -> -0.031254081 | H16: =COUNTIFS('Daily Summary'!$I$6:$I$5536,B16) -> 258 | I16: =SUMIFS('Daily Summary'!$G$6:$G$5536,'Daily Summary'!$I$6:$I$5536,B16) -> 16353032 | J16: =I16/H16 -> 63383.845
B17: 2015 | C17: =INDEX('Daily Summary'!$C$6:$C$5536,MATCH(B17,'Daily Summary'!$I$6:$I$5536,0)) -> 1186.94 | D17: =_xlfn.MAXIFS('Daily Summary'!$D$6:$D$5536,'Daily Summary'!$I$6:$I$5536,B17) -> 1307.53 | E17: =_xlfn.MINIFS('Daily Summary'!$E$6:$E$5536,'Daily Summary'!$I$6:$I$5536,B17) -> 1046.23 | F17: =INDEX('Daily Summary'!$F$6:$F$5536,MATCH(B17,'Daily Summary'!$I$6:$I$5536,1)) -> 1060.81 | G17: =(F17-C17)/C17 -> -0.10626485 | H17: =COUNTIFS('Daily Summary'!$I$6:$I$5536,B17) -> 258 | I17: =SUMIFS('Daily Summary'!$G$6:$G$5536,'Daily Summary'!$I$6:$I$5536,B17) -> 21317299 | J17: =I17/H17 -> 82625.19
... B28: 2026 | C28: =INDEX('Daily Summary'!$C$6:$C$5536,MATCH(B28,'Daily Summary'!$I$6:$I$5536,0)) -> 4331.66 | D28: =_xlfn.MAXIFS('Daily Summary'!$D$6:$D$5536,'Daily Summary'!$I$6:$I$5536,B28) -> 5597.6 | E28: =_xlfn.MINIFS('Daily Summary'!$E$6:$E$5536,'Daily Summary'!$I$6:$I$5536,B28) -> 4309.53 | F28: =INDEX('Daily Summary'!$F$6:$F$5536,MATCH(B28,'Daily Summary'!$I$6:$I$5536,1)) -> 4889.48 | G28: =(F28-C28)/C28 -> 0.12877742 | H28: =COUNTIFS('Daily Summary'!$I$6:$I$5536,B28) -> 15 | I28: =SUMIFS('Daily Summary'!$G$6:$G$5536,'Daily Summary'!$I$6:$I$5536,B28) -> 19361175 | J28: =I28/H28 -> 1290745

Sheet Dashboard
B2: XAUUSD Dashboard
B3: Built from the Yearly Summary tab
